seed,method,failed,selection_failed,failed_or_infeasible,training_steps,selection_steps,test_steps,actual_training_steps,budget_complete,feasible_points,hv,igd,guard_infeasible,guard_certified_steps,all_test_steps_interval_certified,reserve_unconfirmed_steps
1,mpc,False,False,0,0,72,216,0,True,1,547057.2211099955,11.452269395307558,24,192,False,0
1,milp_oracle,False,False,0,0,72,216,0,True,1,402438.38910753466,16.39149165461014,39,177,False,0
1,ordinary,False,False,0,288,24,216,286,True,1,450218.3017594448,11.696927743163002,42,174,False,0
1,central,False,False,0,288,24,216,288,True,1,185004.48451117158,30.35655459528383,81,135,False,0
1,fixed,False,False,0,288,72,216,286,True,1,603305.6452425383,10.535499463423895,30,186,False,0
1,ols,False,False,0,288,96,216,288,True,1,598036.6016464655,10.39871033269753,30,186,False,0
1,pareto,False,False,0,288,96,216,283,True,3,538118.413454033,9.963102593567848,28,188,False,0
2,mpc,False,False,0,0,72,216,0,True,1,547057.2211099955,11.452269395307558,24,192,False,0
2,milp_oracle,False,False,0,0,72,216,0,True,1,402438.38910753466,16.39149165461014,39,177,False,0
2,ordinary,False,False,0,288,24,216,287,True,1,546877.6657446143,9.539350561280369,39,177,False,0
2,central,False,False,0,288,24,216,286,True,1,530688.3123936855,10.099984288441,27,189,False,0
2,fixed,False,False,0,288,72,216,286,True,1,598752.3012625551,10.360211972362254,33,183,False,0
2,ols,False,False,0,216,72,216,213,False,1,567481.9721266711,9.683361078257796,36,180,False,0
2,pareto,False,False,0,288,96,216,288,True,1,315617.0997044608,19.63875015392782,80,136,False,0
3,mpc,False,False,0,0,72,216,0,True,1,547057.2211099955,11.452269395307558,24,192,False,0
3,milp_oracle,False,False,0,0,72,216,0,True,1,402438.38910753466,16.39149165461014,39,177,False,0
3,ordinary,False,False,0,288,24,216,287,True,1,340405.7363508794,18.455075924124746,51,165,False,0
3,central,False,False,0,288,24,216,287,True,1,587289.3667604824,10.148310939869756,30,186,False,0
3,fixed,False,False,0,288,72,216,286,True,1,430001.1908376688,12.681426136589039,49,167,False,0
3,ols,False,False,0,216,72,216,213,False,1,549768.5877466742,9.559499465577197,36,180,False,0
3,pareto,False,False,0,288,96,216,285,True,1,253460.22908052613,24.411686500088283,81,135,False,0
