scenario,step,load_kw,pv_kw,wind_kw,price,carbon_g_per_kwh,carbon_observed_g_per_kwh
2019-01-01,0,947.9024921270558,0.0,223.2227488151659,0.06012,112.5,113.0
2019-01-01,1,943.2836981454843,0.0,223.51691452851773,0.05576,107.0,112.5
2019-01-01,2,858.8857353913146,0.0,214.2506945579343,0.04623,113.0,107.0
2019-01-01,3,773.2980832782551,0.0,202.1163588821703,0.0441,108.5,113.0
2019-01-01,4,736.1377862447029,0.0,191.13417225036773,0.04441,114.0,108.5
2019-01-01,5,733.6184440729365,0.0,183.0201013237457,0.04603,127.0,114.0
2019-01-01,6,772.458302554333,0.0,175.98463801274718,0.051,135.5,127.0
2019-01-01,7,855.0717312701685,0.0,169.2923680339925,0.039,131.5,135.5
2019-01-01,8,911.8619027253995,8.148148148148147,158.3346952116359,0.04417,159.5,131.5
2019-01-01,9,1022.8529217371021,77.48148148148148,142.96453668900148,0.0513,185.5,159.5
2019-01-01,10,1129.9949457641617,195.55555555555554,134.8014381434875,0.05794,199.5,185.5
2019-01-01,11,1203.8606586058086,296.2962962962963,135.0465762379474,0.054090000000000006,209.5,199.5
2019-01-01,12,1237.6968236071693,288.14814814814815,134.70338290570356,0.05795,221.0,209.5
2019-01-01,13,1233.0080478986044,205.18518518518516,128.13368197417878,0.06584999999999999,232.0,221.0
2019-01-01,14,1223.280587846507,107.25925925925925,126.2951462657297,0.07,244.5,232.0
2019-01-01,15,1239.0614672835427,21.037037037037035,126.98153293021736,0.0489,268.5,244.5
2019-01-01,16,1341.8296333735082,0.14814814814814814,118.18107533910771,0.06993,294.5,268.5
2019-01-01,17,1406.8426577504763,0.0,116.53865010622651,0.08484,295.5,294.5
2019-01-01,18,1376.4705882352941,0.0,113.03317535545024,0.07057,295.5,295.5
2019-01-01,19,1323.9493021266671,0.0,112.2977610720706,0.069,276.5,295.5
2019-01-01,20,1257.641615800319,0.0,114.03824154273575,0.06043,265.0,276.5
2019-01-01,21,1171.1442012363439,0.0,110.70436345808139,0.05389,255.0,265.0
2019-01-01,22,1032.2654640177288,0.0,106.85569537506129,0.05044,254.0,255.0
2019-01-01,23,958.4697329030754,0.0,63.73590455956856,0.04901,238.0,254.0
2019-01-02,0,954.0608841024845,0.0,94.37816636705344,0.05196,245.5,238.0
2019-01-02,1,935.795653357179,0.0,89.23026638339599,0.052450000000000004,254.0,245.5
2019-01-02,2,897.5856304187241,0.0,82.07223402516752,0.04992,260.5,254.0
2019-01-02,3,868.5432137164186,0.0,79.98856022225854,0.048530000000000004,260.5,260.5
2019-01-02,4,855.8065394036003,0.0,78.8609249877431,0.047990000000000005,264.0,260.5
2019-01-02,5,913.2615372652697,0.0,80.72397450563818,0.05005,277.0,264.0
2019-01-02,6,1110.3300804789862,0.0,78.90995260663507,0.06282,307.5,277.0
2019-01-02,7,1194.868006687143,0.0,74.44843928746528,0.05004,332.0,307.5
2019-01-02,8,1370.6970957583299,10.37037037037037,72.04608596175846,0.053,329.0,332.0
2019-01-02,9,1463.702810932701,77.92592592592592,66.99624121588495,0.056369999999999996,340.0,329.0
2019-01-02,10,1519.8981377084874,224.44444444444443,61.40709266219971,0.05871,341.5,340.0
2019-01-02,11,1533.439601881731,269.6296296296296,55.866971727406444,0.05795,342.5,341.5
2019-01-02,12,1538.8631857237278,228.88888888888889,53.34204935446969,0.06344,349.0,342.5
2019-01-02,13,1538.128377590296,163.7037037037037,46.11047556790325,0.06294,357.5,349.0
2019-01-02,14,1537.3935694568643,86.51851851851852,41.9676417715313,0.06393,374.5,357.5
2019-01-02,15,1521.787644337312,16.14814814814815,40.88903415590783,0.065,382.0,374.5
2019-01-02,16,1606.3955522724623,0.2962962962962963,36.0843275044942,0.08109999999999999,386.5,382.0
2019-01-02,17,1643.4508767155244,0.14814814814814814,39.565288445824486,0.10995,378.0,386.5
2019-01-02,18,1626.445317056102,0.0,41.37931034482759,0.085,380.5,378.0
2019-01-02,19,1587.3255316667316,0.0,42.11472462820723,0.07994,392.0,380.5
2019-01-02,20,1489.4560864663117,0.0,41.18319986925968,0.066,385.5,392.0
2019-01-02,21,1382.034135531278,0.0,41.796045105409384,0.05593,351.0,385.5
2019-01-02,22,1247.7741922942344,0.0,42.70305605491093,0.05011,324.5,351.0
2019-01-02,23,1104.4516154115315,0.0,41.74701748651741,0.055,315.5,324.5
2019-01-03,0,1072.8898565374598,0.0,44.83575747671188,0.054990000000000004,316.0,315.5
2019-01-03,1,1055.6743516970569,0.0,42.70305605491093,0.055,317.5,316.0
2019-01-03,2,994.0904319427706,0.0,40.76646510867789,0.054920000000000004,328.5,317.5
2019-01-03,3,960.9890750748416,0.0,41.5509070109495,0.05108,328.5,328.5
2019-01-03,4,945.453131682283,0.0,25.51887563327341,0.051,329.5,328.5
2019-01-03,5,1002.4532483184947,0.0,42.06569700931525,0.05191,339.5,329.5
2019-01-03,6,1172.7887718206914,0.0,42.85013891158686,0.061399999999999996,351.0,339.5
2019-01-03,7,1334.4815520391899,0.0,42.28632129432914,0.06274,375.0,351.0
2019-01-03,8,1454.885113331519,2.962962962962963,39.51626082693251,0.0702,397.0,375.0
2019-01-03,9,1510.6955406088412,34.37037037037037,37.75126654682138,0.074,409.0,397.0
2019-01-03,10,1535.294117647059,104.29629629629629,37.38355940513156,0.069,407.0,409.0
2019-01-03,11,1560.1726215932508,142.8148148148148,37.310017976793596,0.07,405.5,407.0
2019-01-03,12,1555.5888184751761,146.8148148148148,36.45203464618402,0.0653,400.0,405.5
2019-01-03,13,1562.9368998094942,117.77777777777777,37.5061284523615,0.06492,405.0,400.0
2019-01-03,14,1589.7049103845109,61.33333333333333,37.5061284523615,0.06358,411.5,405.0
2019-01-03,15,1623.9259748843358,12.444444444444443,38.976957019120775,0.0724,408.5,411.5
2019-01-03,16,1641.4913883597062,0.0,38.609249877430955,0.102,397.5,408.5
2019-01-03,17,1641.9112787216673,0.0,40.66840987089394,0.1346,392.0,397.5
2019-01-03,18,1635.5429415652582,0.0,43.021735577708775,0.11,394.5,392.0
2019-01-03,19,1638.2722289180049,0.0,44.41902271613009,0.08006999999999999,398.5,394.5
2019-01-03,20,1552.054741262004,0.0,42.3598627226671,0.06994,383.0,398.5
2019-01-03,21,1426.7174682166324,0.0,43.26687367216866,0.0633,355.5,383.0
2019-01-03,22,1274.8571206407216,0.0,39.66334368360843,0.054090000000000006,332.0,355.5
2019-01-03,23,1125.1662066016097,0.0,40.570354633109986,0.05747,336.5,332.0
2019-01-04,0,1087.3760740251157,0.0,43.63458081385848,0.0592,334.0,336.5
2019-01-04,1,1053.1550095252908,0.0,48.4392874652721,0.05947,331.0,334.0
2019-01-04,2,1012.6005987325533,0.0,42.55597319823501,0.0511,334.0,331.0
2019-01-04,3,991.5011080440108,0.0,41.40382415427358,0.05102,333.0,334.0
2019-01-04,4,974.2156214766145,0.0,44.933812714495836,0.05033,333.0,333.0
2019-01-04,5,1028.1715329886085,0.0,51.42997221768263,0.0555,327.5,333.0
2019-01-04,6,1210.2639866257146,0.0,55.96502696519039,0.06376,333.0,327.5
2019-01-04,7,1369.1924886279694,0.0,59.76466742931852,0.06506999999999999,352.0,333.0
2019-01-04,8,1504.1522491349483,13.333333333333332,63.981042654028435,0.074,351.5,352.0
2019-01-04,9,1593.9038140041214,95.4074074074074,39.27112273247263,0.07959000000000001,348.0,351.5
2019-01-04,10,1634.003343571401,232.59259259259258,62.019937898349404,0.077,340.5,348.0
2019-01-04,11,1632.9536176664983,302.22222222222223,63.51528027455467,0.06494,331.5,340.5
2019-01-04,12,1652.6884646786673,301.48148148148147,68.58963882987416,0.065,337.0,331.5
2019-01-04,13,1619.5871078107384,257.77777777777777,68.54061121098219,0.065,341.5,337.0
2019-01-04,14,1599.3623887096148,127.1111111111111,69.00637359045596,0.06804,352.0,341.5
2019-01-04,15,1600.1321877065434,30.814814814814813,72.87955548292204,0.07084,364.5,352.0
2019-01-04,16,1626.025426694141,0.2962962962962963,71.21261644059487,0.0838,358.5,364.5
2019-01-04,17,1674.6627269546286,0.0,70.1340088249714,0.0911,354.0,358.5
2019-01-04,18,1678.161813304304,0.0,71.33518548782482,0.076,355.5,354.0
2019-01-04,19,1643.7657944869952,0.0,77.022389279294,0.07529999999999999,349.0,355.5
2019-01-04,20,1534.7342638311109,0.0,72.70795881680013,0.0636,331.0,349.0
2019-01-04,21,1393.1962209867424,0.0,68.09936264095441,0.06357,310.0,331.0
2019-01-04,22,1259.9510127911046,0.0,68.46706978264423,0.062490000000000004,291.5,310.0
2019-01-04,23,1152.3541075385872,0.0,68.24644549763033,0.06603,274.0,291.5
2019-01-05,0,1142.451693169006,0.0,70.47720215721523,0.05872,265.5,274.0
2019-01-05,1,1104.0667159130671,0.0,72.75698643569211,0.0571,266.5,265.5
2019-01-05,2,1039.4036001710665,0.0,69.59470501715967,0.052969999999999996,279.0,266.5
2019-01-05,3,987.6521130593679,0.0,64.81451217519202,0.05205,285.0,279.0
2019-01-05,4,963.9982893355625,0.0,63.66236313123059,0.051,282.5,285.0
2019-01-05,5,982.1235566268808,0.0,65.79506455303154,0.05076,279.5,282.5
2019-01-05,6,1080.8677734147195,0.0,63.02500408563491,0.05256,280.5,279.5
2019-01-05,7,1149.974728820808,0.0,60.08334695211636,0.056,296.5,280.5
2019-01-05,8,1277.376462812488,0.2962962962962963,60.79424742605001,0.061649999999999996,307.5,296.5
2019-01-05,9,1419.369386882314,11.555555555555555,65.89311979081549,0.06368,317.5,307.5
2019-01-05,10,1465.9072353329966,37.33333333333333,68.17290406929237,0.06367,317.0,317.5
2019-01-05,11,1490.0159402822599,59.7037037037037,73.54142833796372,0.07198,312.0,317.0
2019-01-05,12,1498.8686287469384,65.03703703703704,79.15509070109495,0.07194,314.0,312.0
2019-01-05,13,1496.6292134831463,51.25925925925926,86.23958163098546,0.069,320.0,314.0
2019-01-05,14,1485.572100618172,26.814814814814813,54.567739826769085,0.05949,330.5,320.0
2019-01-05,15,1497.2940398895846,4.0,77.68426213433568,0.05618,342.5,330.5
2019-01-05,16,1568.815364876949,0.0,79.20411831998693,0.07608,341.5,342.5
2019-01-05,17,1612.4489716574008,0.0,74.15427357411342,0.08499,340.5,341.5
2019-01-05,18,1582.286847323199,0.0,67.63360026148064,0.07529999999999999,344.5,340.5
2019-01-05,19,1507.0564908051788,0.0,70.82039548945906,0.0675,335.0,344.5
2019-01-05,20,1419.3343960188174,0.0,67.31492073868279,0.0601,306.0,335.0
2019-01-05,21,1325.523890984021,0.0,70.50171596666122,0.060579999999999995,283.5,306.0
2019-01-05,22,1180.8716612884414,0.0,67.56005883314268,0.05785,281.5,283.5
2019-01-05,23,1115.6486917304926,0.0,65.42735741134173,0.056,271.5,281.5
2019-01-06,0,1085.4515765327942,0.0,60.69619218826606,0.06225,274.5,271.5
2019-01-06,1,1039.6485362155438,0.0,56.43078934466416,0.05596,278.0,274.5
2019-01-06,2,972.151160530306,0.0,52.23892792940023,0.052969999999999996,286.5,278.0
2019-01-06,3,923.3738968158315,0.0,53.5136460205916,0.052649999999999995,289.0,286.5
2019-01-06,4,887.508261731659,0.0,57.239745056381764,0.05208,285.5,289.0
2019-01-06,5,892.616927802185,0.0,54.29808792286322,0.05208,290.0,285.5
2019-01-06,6,938.6299133004161,0.0,54.49419839843112,0.055170000000000004,292.5,290.0
2019-01-06,7,1007.526923525524,0.0,45.129923190063735,0.04679,288.0,292.5
2019-01-06,8,1137.2380545079898,1.4814814814814814,36.59911750285995,0.049280000000000004,300.5,288.0
2019-01-06,9,1264.289879864702,24.59259259259259,32.28468704036607,0.055990000000000005,324.5,300.5
2019-01-06,10,1353.0966914194628,75.85185185185185,31.769897042000327,0.0637,344.0,324.5
2019-01-06,11,1397.6050697873334,125.03703703703702,30.59323418859291,0.068,365.0,344.0
2019-01-06,12,1423.3233544574473,147.4074074074074,28.23990848177807,0.06924,376.5,365.0
2019-01-06,13,1421.8887290540804,112.88888888888889,25.29825134825952,0.07509,376.5,376.5
2019-01-06,14,1421.3988569651258,53.03703703703703,24.072560875960125,0.06888,374.0,376.5
2019-01-06,15,1446.4523152288016,8.88888888888889,23.77839516260827,0.060200000000000004,390.5,374.0
2019-01-06,16,1533.5095836087246,0.0,26.13172086942311,0.088,396.5,390.5
2019-01-06,17,1571.229734458225,0.0,30.151985618565124,0.112,373.5,396.5
2019-01-06,18,1546.806111737491,0.0,36.157868932832166,0.08428000000000001,362.0,373.5
2019-01-06,19,1478.783873099802,0.0,24.881516587677726,0.07529999999999999,363.5,362.0
2019-01-06,20,1400.4743205940672,0.0,43.04624938715477,0.06577,329.0,363.5
2019-01-06,21,1296.831382916683,0.0,57.828076483085475,0.0598,287.0,329.0
2019-01-06,22,1169.4646397884997,0.0,75.25739499918288,0.052,248.0,287.0
2019-01-06,23,1054.4496714746706,0.0,93.88789017813369,0.060590000000000005,229.5,248.0
2019-01-07,0,1019.4238171144202,0.0,111.63588821702893,0.064,224.0,229.5
2019-01-07,1,994.3703588507447,0.0,129.50645530315413,0.054770000000000006,210.0,224.0
2019-01-07,2,960.1492943509196,0.0,140.7092662199706,0.048,197.5,210.0
2019-01-07,3,940.9743011546985,0.0,154.06929236803398,0.04252,179.0,197.5
2019-01-07,4,886.948407915711,0.0,172.20951135806504,0.04364,182.5,179.0
2019-01-07,5,904.6187939815716,0.0,196.7968622323909,0.04877,193.0,182.5
2019-01-07,6,1112.4995140157848,0.0,222.1931688184344,0.06,213.5,193.0
2019-01-07,7,1364.0838225574435,0.0,245.77545350547476,0.06484000000000001,214.5,213.5
2019-01-07,8,1474.1650791182303,2.6666666666666665,257.9343029906848,0.06552,213.0,214.5
2019-01-07,9,1501.9478247346528,28.59259259259259,269.55384866808305,0.06744,207.5,213.0
2019-01-07,10,1517.1338594922438,84.44444444444444,275.31459388789017,0.06409999999999999,198.0,207.5
2019-01-07,11,1511.4653396057697,116.44444444444444,279.45742768426214,0.06121,200.5,198.0
2019-01-07,12,1505.6568562653085,96.59259259259258,282.1539467233208,0.06011,209.0,200.5
2019-01-07,13,1467.8667236888148,64.29629629629629,284.23762052622976,0.05774,215.5,209.0
2019-01-07,14,1451.4560087088373,31.85185185185185,286.2967805196928,0.054770000000000006,215.5,215.5
2019-01-07,15,1458.174254500214,5.037037037037036,281.786239581631,0.054799999999999995,217.0,215.5
2019-01-07,16,1609.0548578982157,0.0,285.61039385520513,0.06720000000000001,228.0,217.0
2019-01-07,17,1662.275961276778,0.0,281.3449910116032,0.073,234.0,228.0
2019-01-07,18,1615.0732864196573,0.0,280.6095767282236,0.06445000000000001,229.5,234.0
2019-01-07,19,1563.706698806423,0.0,287.84115051479,0.07003,209.0,229.5
2019-01-07,20,1461.1834687609348,0.0,289.924824317699,0.05958,182.0,209.0
2019-01-07,21,1312.9971618521831,0.0,288.8952443209675,0.05709,155.0,182.0
2019-01-07,22,1129.2951284942267,0.0,283.0609576728224,0.0517,122.0,155.0
2019-01-07,23,1027.8916060806346,0.0,278.72201340088253,0.04947,92.0,122.0
2019-01-08,0,1003.2580381789201,0.0,166.66939042327178,0.0494,96.0,92.0
2019-01-08,1,986.6023871544653,0.0,269.602876286975,0.048,93.0,96.0
2019-01-08,2,936.0055985381596,0.0,270.9021081876124,0.04494,95.5,93.0
2019-01-08,3,887.7182069126395,0.0,271.3923843765321,0.041979999999999996,102.5,95.5
2019-01-08,4,879.2854088099219,0.0,262.2242196437326,0.04224,100.0,102.5
2019-01-08,5,994.3003771237511,0.0,248.22683445007354,0.04993,117.0,100.0
2019-01-08,6,1238.466622604098,0.0,239.96568066677563,0.062049999999999994,180.0,117.0
2019-01-08,7,1446.382333501808,0.0,232.14577545350548,0.06174,228.0,180.0
2019-01-08,8,1501.8778430076593,13.185185185185185,220.3301193005393,0.06262,242.0,228.0
2019-01-08,9,1523.8521052836204,149.48148148148147,214.83902598463803,0.066,231.0,242.0
2019-01-08,10,1542.9221258893513,363.7037037037037,214.76548455630007,0.06261,221.5,231.0
2019-01-08,11,1536.5187978694453,482.2222222222222,210.0343193332244,0.06243,221.0,221.5
2019-01-08,12,1525.8115936394388,498.5185185185185,212.09347932668737,0.062450000000000006,218.0,221.0
2019-01-08,13,1499.6034368803703,410.3703703703703,210.6226507599281,0.06016,222.5,218.0
2019-01-08,14,1500.89809882975,237.77777777777777,208.63703219480308,0.058,239.0,222.5
2019-01-08,15,1484.452392986276,60.148148148148145,198.53734270305605,0.055119999999999995,265.0,239.0
2019-01-08,16,1639.251973095914,0.5925925925925926,192.1637522470992,0.0734,269.0,265.0
2019-01-08,17,1716.7567357412233,0.0,188.3641117829711,0.08159999999999999,266.5,269.0
2019-01-08,18,1686.3496753625443,0.0,184.73606798496488,0.07347,269.0,266.5
2019-01-08,19,1625.9554449671475,0.0,178.77921228958982,0.07440000000000001,274.5,269.0
2019-01-08,20,1542.1173360289258,0.0,168.70403660728877,0.06256,263.5,274.5
2019-01-08,21,1398.5498231017457,0.0,158.3101814021899,0.0588,234.0,263.5
2019-01-08,22,1244.415069398546,0.0,150.75992809282562,0.04911,214.0,234.0
2019-01-08,23,1097.13852494071,0.0,145.09723811080244,0.048530000000000004,211.0,214.0
2019-01-09,0,1063.1623964853623,0.0,141.02794574276842,0.05002,215.0,211.0
2019-01-09,1,1042.482796158781,0.0,135.88004575911097,0.053,219.0,215.0
2019-01-09,2,994.2303953967576,0.0,128.9426376858964,0.05122,229.5,219.0
2019-01-09,3,962.6686365226858,0.0,126.36868769406766,0.0492,240.5,229.5
2019-01-09,4,944.8232961393414,0.0,119.35773819251511,0.049,259.0,240.5
2019-01-09,5,1035.1347148244627,0.0,70.1340088249714,0.0517,268.0,259.0
2019-01-09,6,1288.8534660394232,0.0,107.51756823010297,0.067,308.0,268.0
2019-01-09,7,1489.0361961043507,0.0,105.04167347605818,0.06167,342.5,308.0
2019-01-09,8,1568.6404105594652,20.74074074074074,101.97744729530969,0.06179,342.5,342.5
2019-01-09,9,1609.0898487617123,161.77777777777777,97.7120444517078,0.06307,331.0,342.5
2019-01-09,10,1605.9756619105012,377.77777777777777,93.29955875142997,0.061520000000000005,327.5,331.0
2019-01-09,11,1605.030908596089,507.4074074074074,91.6081058996568,0.05966,321.0,327.5
2019-01-09,12,1599.9572333890596,485.18518518518516,90.30887399901945,0.059,324.5,321.0
2019-01-09,13,1610.6294467555695,380.7407407407407,89.9901944762216,0.0577,332.0,324.5
2019-01-09,14,1602.8614750592901,220.0,86.80339924824318,0.0576,350.0,332.0
2019-01-09,15,1608.4600132187709,63.25925925925925,88.5683935283543,0.05953,368.0,350.0
2019-01-09,16,1672.7032385988105,2.518518518518518,83.9352835430626,0.07497,377.0,368.0
2019-01-09,17,1685.6498580926093,0.0,84.5236149697663,0.08,378.0,377.0
2019-01-09,18,1675.467516815054,0.0,86.26409544043145,0.07449,375.0,378.0
2019-01-09,19,1668.9942070681545,0.0,85.50416734760582,0.07,365.5,375.0
2019-01-09,20,1595.933284086933,0.0,85.45513972871385,0.06063,340.0,365.5
2019-01-09,21,1455.6899031919445,0.0,82.58702402353326,0.05733,316.0,340.0
2019-01-09,22,1263.8000077757476,0.0,76.94884785095604,0.05023,294.0,316.0
2019-01-09,23,1137.8678900509312,0.0,76.31148880536036,0.05393,282.0,294.0
2019-01-10,0,1124.6413436491584,0.0,74.05621833632947,0.054,286.0,282.0
2019-01-10,1,1110.1201352980056,0.0,69.42310835103775,0.05293,291.5,286.0
2019-01-10,2,1061.902725399479,0.0,64.88805360353,0.0507,288.0,291.5
2019-01-10,3,1041.468061117375,0.0,62.681810753391076,0.0507,284.0,288.0
2019-01-10,4,1020.5435247463163,0.0,61.43160647164569,0.0507,294.5,284.0
2019-01-10,5,1057.0040045099336,0.0,62.31410361170126,0.055420000000000004,336.0,294.5
2019-01-10,6,1216.45736946464,0.0,62.55924170616114,0.06376,396.0,336.0
2019-01-10,7,1406.6327125694959,0.0,66.873672168655,0.07129,401.0,396.0
2019-01-10,8,1484.872283348237,4.888888888888888,72.07059977120444,0.07183,393.0,401.0
2019-01-10,9,1518.673457486101,42.37037037037037,72.43830691289426,0.07127,392.5,393.0
2019-01-10,10,1515.2443528634192,127.1111111111111,47.65484556300049,0.07026,391.5,392.5
2019-01-10,11,1521.5427082928347,155.25925925925924,65.64798169635561,0.06709,390.0,391.5
2019-01-10,12,1541.4175187589908,164.44444444444443,73.36983167184181,0.0676,385.0,390.0
2019-01-10,13,1522.3125072897633,123.25925925925925,75.06128452361497,0.0668,391.5,385.0
2019-01-10,14,1486.271917888107,60.44444444444444,75.69864356921066,0.06622,392.0,391.5
2019-01-10,15,1552.474631623965,14.074074074074073,84.86680830201014,0.0698,376.5,392.0
2019-01-10,16,1599.502352163602,0.2962962962962963,92.14740970746854,0.0768,370.0,376.5
2019-01-10,17,1583.1266280471211,0.0,90.92171923516915,0.07837000000000001,372.5,370.0
2019-01-10,18,1605.870689320011,0.0,98.88870730511522,0.07194,363.5,372.5
2019-01-10,19,1631.2040744916605,0.0,102.41869586533748,0.07002,350.5,363.5
2019-01-10,20,1528.8557987636564,0.0,105.50743585553195,0.062329999999999997,321.0,350.5
2019-01-10,21,1359.9549006648265,0.0,111.93005393038078,0.0603,295.5,321.0
2019-01-10,22,1214.6378445628086,0.0,111.83199869259683,0.058,266.5,295.5
2019-01-10,23,1101.092492515843,0.0,118.32815819578363,0.056240000000000005,246.5,266.5
2019-01-11,0,1099.0280315695347,0.0,116.24448439287465,0.05141,240.0,246.5
2019-01-11,1,1075.7591073441936,0.0,115.16587677725119,0.04998,239.5,240.0
2019-01-11,2,1032.2654640177288,0.0,113.3273410688021,0.04776,240.5,239.5
2019-01-11,3,1008.5066677034331,0.0,118.03399248243177,0.04736,239.5,240.5
2019-01-11,4,971.591306714358,0.0,119.13711390750123,0.047700000000000006,248.5,239.5
2019-01-11,5,996.3648380700596,0.0,115.19039058669718,0.05144,277.5,248.5
2019-01-11,6,1173.8734885890908,0.0,113.44991011603203,0.06116,323.0,277.5
2019-01-11,7,1390.3969519070022,0.0,108.6452034646184,0.06503,355.5,323.0
2019-01-11,8,1483.8225574433343,5.333333333333333,103.81598300375879,0.06513,356.5,355.5
2019-01-11,9,1522.3474981532602,45.77777777777778,99.86925968295473,0.06542,358.0,356.5
2019-01-11,10,1554.5041017067767,133.92592592592592,95.40774636378494,0.06727,359.0,358.0
2019-01-11,11,1586.0658605808485,196.29629629629628,93.98594541591764,0.06357,353.0,359.0
2019-01-11,12,1582.0769021422186,207.4074074074074,88.64193495669227,0.062119999999999995,336.0,353.0
2019-01-11,13,1573.32918626803,153.48148148148147,88.7890178133682,0.06286,337.5,336.0
2019-01-11,14,1519.933128571984,78.96296296296296,92.98087922863213,0.06106,356.0,337.5
2019-01-11,15,1510.6255588818476,21.333333333333332,63.539794084000654,0.0596,355.5,356.0
2019-01-11,16,1652.0586291357258,0.2962962962962963,107.29694394508907,0.064,343.0,355.5
2019-01-11,17,1695.0274095097393,0.0,115.68066677561693,0.07168000000000001,331.5,343.0
2019-01-11,18,1616.7528478675015,0.0,124.75077627063246,0.066,330.5,331.5
2019-01-11,19,1556.6385443800787,0.0,139.36100670044127,0.06395,311.5,330.5
2019-01-11,20,1448.0618949496522,0.0,151.0050661872855,0.05921,280.0,311.5
2019-01-11,21,1286.334123867657,0.0,172.20951135806504,0.05824,253.0,280.0
2019-01-11,22,1154.4185684848958,0.0,196.0614479490113,0.05087,205.0,253.0
2019-01-11,23,1120.8273395280123,0.0,211.0638993299559,0.06303,152.5,205.0
2019-01-12,0,1084.8567318533494,0.0,211.94639647001145,0.05797,149.0,152.5
2019-01-12,1,1056.0242603320246,0.0,212.33861742114726,0.0611,136.5,149.0
2019-01-12,2,996.1199020255823,0.0,226.53211309037425,0.04939,132.0,136.5
2019-01-12,3,919.9797830566464,0.0,238.27422781500246,0.04309,120.0,132.0
2019-01-12,4,871.1675284786751,0.0,248.27586206896552,0.039299999999999995,110.5,120.0
2019-01-12,5,891.91711053225,0.0,251.43814348749797,0.039740000000000004,113.0,110.5
2019-01-12,6,996.8897010225108,0.0,260.16505965026965,0.047490000000000004,127.0,113.0
2019-01-12,7,1065.4368026126513,0.0,272.2993953260337,0.05075,151.5,127.0
2019-01-12,8,1181.361533377396,5.925925925925926,277.81500245138096,0.05743,172.0,151.5
2019-01-12,9,1351.5221025621088,19.25925925925926,274.0889034155908,0.06053,171.5,172.0
2019-01-12,10,1419.1594417013337,47.11111111111111,276.9325053113254,0.059609999999999996,165.5,171.5
2019-01-12,11,1446.9071964542593,77.62962962962962,279.3348586370322,0.05815,166.5,165.5
2019-01-12,12,1457.7893550017498,93.77777777777777,277.4963229285831,0.05793,164.5,166.5
2019-01-12,13,1436.864818630691,81.33333333333333,280.9282562510214,0.05508,162.0,164.5
2019-01-12,14,1405.8629135725673,59.55555555555555,281.14888053603534,0.0492,161.5,162.0
2019-01-12,15,1408.1023288363594,18.37037037037037,283.42866481451216,0.04918,181.5,161.5
2019-01-12,16,1497.8189028420359,0.2962962962962963,283.1835267200523,0.06656999999999999,193.0,181.5
2019-01-12,17,1566.0510866607053,0.0,290.3415590782808,0.0848,191.0,193.0
2019-01-12,18,1541.522491349481,0.0,291.1505147899984,0.07742,190.0,191.0
2019-01-12,19,1462.1982038023407,0.0,284.2866481451218,0.06778,177.5,190.0
2019-01-12,20,1375.1409354224177,0.0,174.80797515933978,0.056549999999999996,158.5,177.5
2019-01-12,21,1244.9049414875005,0.0,278.5013891158686,0.053270000000000005,147.5,158.5
2019-01-12,22,1115.4737374130088,0.0,268.2055891485537,0.04998,131.0,147.5
2019-01-12,23,1059.0334745927453,0.0,266.1464291550907,0.05255,104.5,131.0
2019-01-13,0,1011.3059367831734,0.0,259.91992155580976,0.047810000000000005,109.5,104.5
2019-01-13,1,975.5802651529879,0.0,254.72299395326036,0.039990000000000005,103.5,109.5
2019-01-13,2,882.6095408421136,0.0,254.67396633436837,0.029,100.5,103.5
2019-01-13,3,818.5412697795576,0.0,256.75764013727735,0.03,96.0,100.5
2019-01-13,4,792.3331130204891,0.0,256.7821539467233,0.03,92.5,96.0
2019-01-13,5,792.6130399284632,0.0,253.69341395652884,0.02509,96.5,92.5
2019-01-13,6,855.0717312701685,0.0,256.7086125183854,0.03465,99.0,96.5
2019-01-13,7,968.5121107266436,0.0,259.99346298414775,0.03318,108.0,99.0
2019-01-13,8,1092.7646670036158,1.7777777777777777,265.1658767772512,0.04775,138.5,108.0
2019-01-13,9,1249.4537537420786,32.44444444444444,271.93168818434384,0.05692,154.0,138.5
2019-01-13,10,1340.9198709225925,98.81481481481481,286.3703219480307,0.0601,162.0,154.0
2019-01-13,11,1385.1483223824891,178.5185185185185,293.38127144958327,0.06001,171.0,162.0
2019-01-13,12,1419.4393686093076,209.62962962962962,294.9746690635725,0.065,172.0,171.0
2019-01-13,13,1409.60693596672,171.85185185185185,298.5291714332407,0.06001,171.0,172.0
2019-01-13,14,1400.8242292290347,90.37037037037037,296.8377185814676,0.057,176.0,171.0
2019-01-13,15,1416.0802457136194,21.925925925925924,294.5334204935447,0.05503,184.0,176.0
2019-01-13,16,1514.3345904125035,0.2962962962962963,299.6077790488642,0.06967,199.5,184.0
2019-01-13,17,1571.9995334551536,0.0,300.0,0.086,194.5,199.5
2019-01-13,18,1525.5316667314646,0.0,297.94084000653703,0.07518000000000001,186.0,194.5
2019-01-13,19,1460.5186423544965,0.0,292.6948847850956,0.06491,176.5,186.0
2019-01-13,20,1376.4705882352941,0.0,284.0415100506619,0.0639,157.0,176.5
2019-01-13,21,1270.553244430621,0.0,272.39745056381764,0.056979999999999996,140.0,157.0
2019-01-13,22,1134.333812837759,0.0,253.71792776597485,0.05197,122.0,140.0
2019-01-13,23,1000.2838147816959,0.0,239.20575257395,0.0438,123.0,122.0
2019-01-14,0,981.2837759029587,0.0,226.97336166040202,0.05031,133.5,123.0
2019-01-14,1,974.7404844290659,0.0,137.5960124203301,0.0501,133.5,133.5
2019-01-14,2,948.1474281715331,0.0,212.11799313613335,0.05,128.5,133.5
2019-01-14,3,938.1750320749583,0.0,206.40627553521819,0.0502,127.5,128.5
2019-01-14,4,933.1713385949225,0.0,190.84000653701585,0.054,148.0,127.5
2019-01-14,5,1009.2414758368649,0.0,178.63212943291387,0.05992,192.0,148.0
2019-01-14,6,1211.6636211655846,0.0,158.48177806831183,0.06079,281.5,192.0
2019-01-14,7,1404.7082150771744,0.0,141.00343193332245,0.05813,333.5,281.5
2019-01-14,8,1485.9220092531395,17.48148148148148,128.74652721032848,0.06105,342.0,333.5
2019-01-14,9,1538.4432953617668,126.5185185185185,125.19202484066024,0.061009999999999995,342.0,342.0
2019-01-14,10,1579.3476147894717,222.2222222222222,113.98921392384376,0.067,352.0,342.0
2019-01-14,11,1575.7085649858093,237.037037037037,105.23778395162608,0.06409000000000001,353.5,352.0
2019-01-14,12,1565.8761323432216,231.85185185185185,105.11521490439614,0.060719999999999996,352.0,353.5
2019-01-14,13,1558.8429687803741,185.18518518518516,109.2580487007681,0.05881,353.0,352.0
2019-01-14,14,1549.9552894521987,95.7037037037037,109.52770060467397,0.05719,359.5,353.0
2019-01-14,15,1545.2665137436338,24.74074074074074,102.88445824481124,0.06,362.5,359.5
2019-01-14,16,1642.6810777185958,0.2962962962962963,104.15917633600262,0.07894,352.0,362.5
2019-01-14,17,1691.4583414330705,0.0,109.99346298414774,0.09092,352.0,352.0
2019-01-14,18,1676.5172427199566,0.0,119.21065533583919,0.076,344.0,352.0
2019-01-14,19,1620.9167606236151,0.0,134.65435528681158,0.0741,327.5,344.0
2019-01-14,20,1542.957116752848,0.0,157.3051152149044,0.05827,291.5,327.5
2019-01-14,21,1356.1408965436804,0.0,182.43176989704202,0.055299999999999995,248.0,291.5
2019-01-14,22,1157.1478558376425,0.0,208.36738029089722,0.0514,200.0,248.0
2019-01-14,23,1080.657828233739,0.0,228.00294165713353,0.05543,149.5,200.0
2019-01-15,0,1042.307841841297,0.0,239.94116685732965,0.056170000000000005,151.5,149.5
2019-01-15,1,1000.0738696007154,0.0,242.39254780192843,0.054270000000000006,159.5,151.5
2019-01-15,2,944.1584697329032,0.0,238.83804543226017,0.04796,158.0,159.5
2019-01-15,3,923.9337506317795,0.0,235.3570844909299,0.047,152.5,158.0
2019-01-15,4,918.3002216088022,0.0,229.71890831835267,0.046950000000000006,159.0,152.5
2019-01-15,5,966.6575949613157,0.0,230.33175355450237,0.04856,186.0,159.0
2019-01-15,6,1206.3100190505813,0.0,143.5038404968132,0.0599,226.5,186.0
2019-01-15,7,1427.627230667548,0.0,245.11358065043308,0.06122,258.0,226.5
2019-01-15,8,1471.9956455814317,7.111111111111111,245.92253636215068,0.0608,267.0,258.0
2019-01-15,9,1506.3566735352438,68.14814814814814,240.65206733126328,0.06495000000000001,265.0,267.0
2019-01-15,10,1507.5463628941334,151.7037037037037,228.6893283216212,0.06117,265.0,265.0
2019-01-15,11,1493.5500174954318,198.5185185185185,231.58195783624777,0.05958,259.5,265.0
2019-01-15,12,1510.4855954278605,191.85185185185185,234.27847687530644,0.056159999999999995,255.0,259.5
2019-01-15,13,1514.5095447299873,136.59259259259258,239.94116685732965,0.055060000000000005,254.0,255.0
2019-01-15,14,1509.575832976945,86.81481481481481,244.6478182709593,0.05226,254.0,254.0
2019-01-15,15,1536.1688892344778,26.666666666666664,244.40268017649944,0.05921,257.0,254.0
2019-01-15,16,1670.1139147000506,0.4444444444444444,242.2454649452525,0.06926,258.0,257.0
2019-01-15,17,1715.39209206485,0.0,248.91322111456122,0.07895999999999999,258.5,258.0
2019-01-15,18,1697.756696862486,0.0,251.31557444026802,0.06834,263.5,258.5
2019-01-15,19,1630.854165856693,0.0,252.81091681647328,0.06523000000000001,256.5,263.5
2019-01-15,20,1546.4562031025234,0.0,256.4879882333715,0.05755,240.0,256.5
2019-01-15,21,1364.713658100385,0.0,249.25641444680505,0.0521,225.0,240.0
2019-01-15,22,1186.890089809883,0.0,231.18973688511196,0.05128,196.0,225.0
2019-01-15,23,1054.5546440651608,0.0,247.27079588168002,0.053,163.0,196.0
2019-01-16,0,1025.0573461373976,0.0,240.72560875960124,0.05049,159.5,163.0
2019-01-16,1,993.460596399829,0.0,240.8236639973852,0.04998,157.5,159.5
2019-01-16,2,946.6428210411726,0.0,239.4263768589639,0.049,156.5,157.5
2019-01-16,3,909.8674235060846,0.0,238.47033829057037,0.04893,150.5,156.5
2019-01-16,4,905.843474203958,0.0,237.88200686386665,0.04943,151.0,150.5
2019-01-16,5,964.2782162435365,0.0,241.01977447295312,0.055,193.5,151.0
2019-01-16,6,1152.389098402084,0.0,232.5134825951953,0.06103,266.5,193.5
2019-01-16,7,1346.238482174099,0.0,226.92433404151006,0.06001,303.5,266.5
2019-01-16,8,1428.8519108899345,1.4814814814814814,135.806504330773,0.06291,300.5,303.5
2019-01-16,9,1469.7212394541427,26.962962962962962,218.5160974015362,0.06268,305.0,300.5
2019-01-16,10,1475.9846040200616,88.59259259259258,213.76041836901456,0.06167,305.0,305.0
2019-01-16,11,1516.8539325842698,134.22222222222223,220.3546331099853,0.05912,294.5,305.0
2019-01-16,12,1520.632945841919,114.96296296296296,225.6005883314267,0.05881,299.0,294.5
2019-01-16,13,1522.1725438357764,111.25925925925925,221.5803235822847,0.05689,303.0,299.0
2019-01-16,14,1516.5740056762957,99.85185185185185,211.77479980388952,0.055,305.0,303.0
2019-01-16,15,1559.8227129582833,46.96296296296296,201.20934793266875,0.05533,298.5,305.0
2019-01-16,16,1688.9389992613042,2.962962962962963,201.99378983494034,0.0675,300.5,298.5
2019-01-16,17,1730.8930445939118,0.0,186.1088413139402,0.0814,303.0,300.5
2019-01-16,18,1714.4473387504374,0.0,183.14267037097565,0.07742,310.0,303.0
2019-01-16,19,1658.3569845651414,0.0,170.02778231737213,0.068,312.5,310.0
2019-01-16,20,1583.4765366820886,0.0,175.81304134662528,0.05855,285.5,312.5
2019-01-16,21,1456.8446016873372,0.0,183.55940513155744,0.05497,241.0,285.5
2019-01-16,22,1304.4593911589752,0.0,195.0073541428338,0.052,198.5,241.0
2019-01-16,23,1153.4388243069866,0.0,208.75960124203303,0.05386,174.5,198.5
2019-01-17,0,1112.0446327903271,0.0,220.23206406275537,0.055799999999999995,178.5,174.5
2019-01-17,1,1077.0187784300767,0.0,218.98185978100997,0.05294,186.5,178.5
2019-01-17,2,1026.1420629057968,0.0,212.4366726589312,0.05,186.0,186.5
2019-01-17,3,992.6907974029004,0.0,224.47295309691125,0.04895,169.0,186.0
2019-01-17,4,974.1456397496211,0.0,227.90488641934957,0.04819,172.5,169.0
2019-01-17,5,1003.9578554488551,0.0,231.60647164569374,0.05116,191.0,172.5
2019-01-17,6,1206.4499825045684,0.0,246.38829874162445,0.05808,233.0,191.0
2019-01-17,7,1427.6972123945416,0.0,245.82448112436674,0.05904,275.0,233.0
2019-01-17,8,1512.2001477392016,26.962962962962962,232.61153783297925,0.06007,288.0,275.0
2019-01-17,9,1534.559309513627,218.8148148148148,218.22193168818436,0.05931,287.0,288.0
2019-01-17,10,1549.4654173632441,500.0,205.86697172740645,0.05992,284.5,287.0
2019-01-17,11,1539.1781034951987,655.5555555555555,189.51626082693252,0.057,289.0,284.5
2019-01-17,12,1570.3199720073094,700.0,175.46984801438143,0.05738,289.5,289.0
2019-01-17,13,1568.0105750165235,618.5185185185185,157.5012256904723,0.056,303.5,289.5
2019-01-17,14,1567.0308308386145,408.88888888888886,144.09217192351693,0.05853,325.5,303.5
2019-01-17,15,1551.77481435403,127.55555555555554,129.26131720869424,0.059340000000000004,357.0,325.5
2019-01-17,16,1648.769487967031,3.7037037037037033,113.27831344991012,0.0747,375.5,357.0
2019-01-17,17,1684.1802418257457,0.0,103.86501062265076,0.08995,379.5,375.5
2019-01-17,18,1687.3294195404535,0.14814814814814814,98.88870730511522,0.088,379.5,379.5
2019-01-17,19,1689.0789627152913,0.0,95.11358065043308,0.07739,370.5,379.5
2019-01-17,20,1644.9904747093815,0.0,86.38666448766139,0.061,362.0,370.5
2019-01-17,21,1508.7710431165196,0.0,73.29629024350385,0.05896,345.5,362.0
2019-01-17,22,1356.8057229501187,0.0,65.74603693413957,0.05584,325.0,345.5
2019-01-17,23,1232.903075308114,0.0,65.89311979081549,0.05447,331.0,325.0
2019-01-18,0,1207.9545896349287,0.0,62.387645040039224,0.05528,336.5,331.0
2019-01-18,1,1185.910345631974,0.0,63.02500408563491,0.0545,333.0,336.5
2019-01-18,2,1125.4461335095837,0.0,71.40872691616278,0.052520000000000004,331.5,333.0
2019-01-18,3,1086.6062750281872,0.0,81.11619545677398,0.0506,309.0,331.5
2019-01-18,4,1077.5086505190313,0.0,88.7890178133682,0.05057,305.5,309.0
2019-01-18,5,1122.996773064811,0.0,97.7120444517078,0.0573,306.0,305.5
2019-01-18,6,1310.1279110454493,0.0,109.2580487007681,0.06315,332.0,306.0
2019-01-18,7,1588.5852027526148,0.0,115.41101487171107,0.0696,334.5,332.0
2019-01-18,8,1659.4766921970377,14.222222222222221,122.91224056218337,0.06785,329.5,334.5
2019-01-18,9,1703.8101162474245,101.48148148148148,129.21228958980225,0.06785,325.5,329.5
2019-01-18,10,1693.5577932428755,206.66666666666666,133.6247752900801,0.065,317.5,325.5
2019-01-18,11,1675.9923797675053,260.7407407407407,146.64160810589965,0.06315,314.0,317.5
2019-01-18,12,1635.8928502002257,258.5185185185185,154.73116522307566,0.062119999999999995,315.5,314.0
2019-01-18,13,1588.4452392986277,194.66666666666666,157.55025330936428,0.06107,309.5,315.5
2019-01-18,14,1559.4028225963223,152.44444444444443,160.27128615786893,0.061700000000000005,309.5,309.5
2019-01-18,15,1571.8945608646632,45.03703703703704,173.99901944762217,0.062479999999999994,299.5,309.5
2019-01-18,16,1651.6737296372614,1.7777777777777777,181.4512175192025,0.06795,301.0,299.5
2019-01-18,17,1705.6996228762491,0.0,186.03529988560223,0.072,301.5,301.0
2019-01-18,18,1673.193110687765,0.0,187.40807321457754,0.06739,295.0,301.5
2019-01-18,19,1656.1875510283428,0.0,191.3793103448276,0.06528,280.0,295.0
2019-01-18,20,1558.9129505073677,0.0,186.35397940840008,0.05859,256.0,280.0
2019-01-18,21,1418.389642704405,0.0,182.60336656316392,0.05903,239.5,256.0
2019-01-18,22,1242.8754714046888,0.0,175.22470991992157,0.0571,228.5,239.5
2019-01-18,23,1145.3909257027333,0.0,168.4343847033829,0.05817,213.5,228.5
2019-01-19,0,1137.8678900509312,0.0,155.85880045759112,0.055689999999999996,212.5,213.5
2019-01-19,1,1129.819991446678,0.0,148.08792286321295,0.05397,204.5,212.5
2019-01-19,2,1073.1697834454337,0.0,142.7439124039876,0.053380000000000004,211.5,204.5
2019-01-19,3,1022.3630496481475,0.0,138.4539957509397,0.0514,216.5,211.5
2019-01-19,4,995.3501030286537,0.0,129.06520673312633,0.05104,221.5,216.5
2019-01-19,5,1026.4919715407646,0.0,123.8437653211309,0.052270000000000004,229.0,221.5
2019-01-19,6,1090.9451421017845,0.0,116.90635724791633,0.056659999999999995,252.5,229.0
2019-01-19,7,1202.0061428404806,0.0,113.69504821049192,0.05793,286.5,252.5
2019-01-19,8,1351.1372030636446,5.925925925925926,111.58686059813695,0.06196,311.5,286.5
2019-01-19,9,1449.3215660355354,41.48148148148148,107.73819251511685,0.061770000000000005,322.0,311.5
2019-01-19,10,1532.5298394308154,113.77777777777777,107.54208203954894,0.068,323.5,322.0
2019-01-19,11,1547.0160569184713,162.2222222222222,103.71792776597484,0.074,337.0,323.5
2019-01-19,12,1545.1965320166403,159.25925925925924,92.95636541918614,0.075,342.5,337.0
2019-01-19,13,1519.093347848062,139.85185185185185,83.59209021081877,0.07490999999999999,348.5,342.5
2019-01-19,14,1487.4266163835,89.33333333333333,72.95309691126002,0.06343,356.5,348.5
2019-01-19,15,1469.826212044633,29.629629629629626,67.63360026148064,0.0595,368.5,356.5
2019-01-19,16,1538.0583958633024,1.6296296296296295,62.21604837391731,0.07681,367.5,368.5
2019-01-19,17,1611.8891178414526,0.0,60.59813695048211,0.09501000000000001,368.0,367.5
2019-01-19,18,1581.2371214182965,0.0,60.84327504494198,0.09,362.0,368.0
2019-01-19,19,1515.5242797713931,0.0,58.44092171923517,0.07593000000000001,369.0,362.0
2019-01-19,20,1448.0618949496522,0.0,53.121425069455796,0.068,358.0,369.0
2019-01-19,21,1355.6860153182226,0.0,46.18401699624122,0.0613,333.0,358.0
2019-01-19,22,1248.0541192022083,0.0,39.95750939696029,0.0605,310.0,333.0
2019-01-19,23,1151.3043816336847,0.0,34.88315084164079,0.064,303.5,310.0
2019-01-20,0,1132.094397573967,0.0,30.960941330282726,0.06132,307.0,303.5
2019-01-20,1,1114.3190389176161,0.0,28.632129432913874,0.05905,306.0,307.0
2019-01-20,2,1068.0611173749078,0.0,23.655826115378332,0.05692,305.5,306.0
2019-01-20,3,1023.5527390070372,0.0,22.96943945089067,0.05497,309.0,305.5
2019-01-20,4,976.1751098324327,0.0,23.361660402026477,0.05264,314.0,309.0
2019-01-20,5,988.2469577388127,0.0,24.39124039875797,0.05058,315.5,314.0
2019-01-20,6,1040.9781890284205,0.0,27.87220134008825,0.051340000000000004,314.5,315.5
2019-01-20,7,1102.3521636017263,0.0,28.877267527373753,0.04934,311.0,314.5
2019-01-20,8,1238.606586058085,17.48148148148148,31.696355613662366,0.05699,314.0,311.0
2019-01-20,9,1408.6621826523076,109.92592592592592,38.87890178133682,0.06006,318.0,314.0
2019-01-20,10,1501.5279343726918,255.55555555555554,43.021735577708775,0.05993,311.0,318.0
2019-01-20,11,1529.3806617161076,351.85185185185185,53.21948030723975,0.060899999999999996,306.5,311.0
2019-01-20,12,1534.0344465611759,365.9259259259259,59.88723647654846,0.065,303.5,306.5
2019-01-20,13,1517.0638777652503,317.77777777777777,69.17797025657788,0.064,304.0,303.5
2019-01-20,14,1499.4284825628865,217.03703703703704,66.82464454976304,0.05916,317.0,304.0
2019-01-20,15,1508.736052253023,83.85185185185185,71.7519202484066,0.055,339.5,317.0
2019-01-20,16,1599.4323704366084,2.962962962962963,70.37914691943128,0.0729,351.5,339.5
2019-01-20,17,1682.1857626064307,0.0,72.38927929400229,0.086,349.5,351.5
2019-01-20,18,1631.274056218654,0.0,75.94378166367053,0.0768,350.0,349.5
2019-01-20,19,1564.4415069398547,0.0,78.93446641608107,0.07292,353.5,350.0
2019-01-20,20,1477.0343299249641,0.0,72.51184834123222,0.061,332.5,353.5
2019-01-20,21,1369.682360716924,0.0,67.56005883314268,0.06,310.0,332.5
2019-01-20,22,1189.5493954356364,0.0,58.244811243667264,0.05843,299.0,310.0
2019-01-20,23,1099.2029858870185,0.0,55.47475077627063,0.05067,288.0,299.0
2019-01-21,0,1068.585980327359,0.0,48.95407746363785,0.05079,306.5,288.0
2019-01-21,1,1059.943237043661,0.0,44.51707795391404,0.055990000000000005,311.5,306.5
2019-01-21,2,1023.6227207340306,0.0,43.43847033829057,0.05052,311.0,311.5
2019-01-21,3,1003.118074724933,0.0,46.40464128125511,0.05007,310.5,311.0
2019-01-21,4,998.569262470355,0.0,45.93887890178134,0.0497,321.5,310.5
2019-01-21,5,981.108821585475,0.0,50.571988887073054,0.05806,358.0,321.5
2019-01-21,6,1213.903036429377,0.0,54.88641934956692,0.06883,379.0,358.0
2019-01-21,7,1510.7305314723378,0.0,62.240562183363295,0.07612999999999999,361.0,379.0
2019-01-21,8,1645.8302554333036,18.962962962962962,72.53636215067822,0.07792,356.0,361.0
2019-01-21,9,1683.4804245558105,87.7037037037037,82.85667592743913,0.07251,361.0,356.0
2019-01-21,10,1633.863380117414,231.1111111111111,94.54976303317535,0.06843,368.5,361.0
2019-01-21,11,1584.5262625869914,325.9259259259259,116.26899820232065,0.06445999999999999,364.0,368.5
2019-01-21,12,1559.0529139613548,339.25925925925924,134.1885929073378,0.06143,356.0,364.0
2019-01-21,13,1533.5095836087246,265.9259259259259,153.13776760908647,0.0589,351.5,356.0
2019-01-21,14,1510.3456319738737,152.88888888888889,168.0421637522471,0.05432,358.5,351.5
2019-01-21,15,1542.817153298861,45.33333333333333,176.08269325053115,0.0557,350.0,358.5
2019-01-21,16,1594.253722639089,1.1851851851851851,196.08596175845727,0.06445999999999999,341.5,350.0
2019-01-21,17,1637.0825395591153,0.2962962962962963,220.991992155581,0.07198,316.0,341.5
2019-01-21,18,1616.9278021849852,0.0,240.72560875960124,0.06611,300.0,316.0
2019-01-21,19,1627.4250612340113,0.0,245.57934302990685,0.06723,279.5,300.0
2019-01-21,20,1574.7288208079003,0.0,226.2134335675764,0.06142,264.0,279.5
2019-01-21,21,1391.0967691769372,0.0,197.31165223075666,0.0582,258.0,264.0
2019-01-21,22,1242.280626725244,0.0,183.36329465598953,0.0497,239.5,258.0
2019-01-21,23,1055.2544613350958,0.0,174.44026801764994,0.05266,231.0,239.5
2019-01-22,0,1040.4183352124724,0.0,185.79016179114234,0.05081,217.5,231.0
2019-01-22,1,1049.166051086661,0.0,191.30576891648963,0.04906,208.0,217.5
2019-01-22,2,1016.6945297616734,0.0,190.49681320477202,0.048,214.0,208.0
2019-01-22,3,981.8086388554101,0.0,186.96682464454977,0.04725,219.5,214.0
2019-01-22,4,968.9320010886047,0.0,175.83755515607126,0.047920000000000004,237.0,219.5
2019-01-22,5,1021.8031958321994,0.0,168.92466089230268,0.055020000000000006,270.0,237.0
2019-01-22,6,1196.6525407254774,0.0,160.3693413956529,0.06118,324.0,270.0
2019-01-22,7,1451.8409082073015,0.0,147.30348096094133,0.06538,353.5,324.0
2019-01-22,8,1541.522491349481,36.0,137.35087432587025,0.0645,359.0,353.5
2019-01-22,9,1573.5391314490107,210.37037037037035,124.60369341395653,0.07,359.0,359.0
2019-01-22,10,1590.6146728354265,344.4444444444444,112.46935773819251,0.06649,353.0,359.0
2019-01-22,11,1572.489405544108,394.8148148148148,95.57934302990685,0.06506,363.0,353.0
2019-01-22,12,1568.5704288324716,348.14814814814815,82.41542735741135,0.06649,368.5,363.0
2019-01-22,13,1573.8890400839782,248.88888888888889,90.7991501879392,0.06786,372.5,368.5
2019-01-22,14,1574.7288208079003,146.96296296296296,79.98856022225854,0.06854,389.5,372.5
2019-01-22,15,1605.0658994595856,46.22222222222222,69.1044288282399,0.07,391.0,389.5
2019-01-22,16,1680.716146339567,3.5555555555555554,65.94214740970747,0.07709,383.0,391.0
2019-01-22,17,1722.040356129233,0.0,56.33273410688021,0.083,391.0,383.0
2019-01-22,18,1709.688581314879,0.0,49.836574603693414,0.07901000000000001,395.5,391.0
2019-01-22,19,1714.2723844329537,0.0,48.341232227488156,0.0725,394.5,395.5
2019-01-22,20,1634.4582247968588,0.0,48.92956365419186,0.06232,378.0,394.5
2019-01-22,21,1503.767349636484,0.0,47.752900800784445,0.06033,349.0,378.0
2019-01-22,22,1351.2771665176317,0.0,52.36149697663017,0.056,321.0,349.0
2019-01-22,23,1176.7077485323277,0.0,55.52377839516261,0.052219999999999996,329.5,321.0
2019-01-23,0,1150.7795186812334,0.0,50.91518221931688,0.05051,333.5,329.5
2019-01-23,1,1133.494032113837,0.0,52.386010786076156,0.05005,323.5,333.5
2019-01-23,2,1111.8346876093465,0.0,57.607452198071584,0.04959,311.0,323.5
2019-01-23,3,1081.637572411648,0.0,63.00049027618892,0.0492,307.0,311.0
2019-01-23,4,1048.431242953229,0.0,67.58457264258865,0.049710000000000004,330.0,307.0
2019-01-23,5,1057.9137669608492,0.0,65.50089883967969,0.056100000000000004,389.0,330.0
2019-01-23,6,1197.1774036779286,0.0,70.18303644386337,0.069,437.0,389.0
2019-01-23,7,1462.863030208779,0.0,65.52541264912567,0.07862999999999999,431.0,437.0
2019-01-23,8,1522.907351969208,26.962962962962962,60.91681647327995,0.08048000000000001,426.5,431.0
2019-01-23,9,1576.4083822557445,138.07407407407408,57.06814839025985,0.079,415.0,426.5
2019-01-23,10,1573.1192410870497,360.7407407407407,50.988723647654844,0.07945999999999999,411.0,415.0
2019-01-23,11,1595.8633023599396,482.2222222222222,45.91436509233535,0.07301,403.0,411.0
2019-01-23,12,1580.747249329342,497.037037037037,44.10034319333224,0.07429999999999999,402.0,403.0
2019-01-23,13,1535.8889623265038,417.77777777777777,36.8932832162118,0.07354999999999999,403.5,402.0
2019-01-23,14,1517.9036584891724,281.48148148148147,40.61938225200196,0.07465000000000001,401.5,403.5
2019-01-23,15,1577.877998522608,95.1111111111111,39.22209511358065,0.0765,394.5,401.5
2019-01-23,16,1653.6682088565765,4.296296296296296,41.281255107043634,0.08105,386.0,394.5
2019-01-23,17,1733.412386765678,0.0,45.2034646184017,0.08538,388.5,386.0
2019-01-23,18,1726.449204929824,0.0,44.81124366726589,0.08211,393.0,388.5
2019-01-23,19,1707.554138641577,0.0,47.36067984964863,0.0823,399.5,393.0
2019-01-23,20,1668.5743167061935,0.0,43.683608432750454,0.06764,396.5,399.5
2019-01-23,21,1507.4763811671398,0.0,41.281255107043634,0.06192,377.5,396.5
2019-01-23,22,1310.5827922709072,0.0,40.52132701421801,0.0587,366.0,377.5
2019-01-23,23,1113.1993312857198,0.0,38.16800130740317,0.05399,380.5,366.0
2019-01-24,0,1082.0224719101125,0.0,34.88315084164079,0.0535,388.0,380.5
2019-01-24,1,1093.3245208195638,0.0,36.010786076156236,0.052090000000000004,363.0,388.0
2019-01-24,2,1089.0206446094633,0.0,36.721686550089885,0.05059,348.0,363.0
2019-01-24,3,1044.162357606625,0.0,35.83918941003432,0.05097,359.5,348.0
2019-01-24,4,953.4310485595429,0.0,34.245791796045104,0.05255,398.5,359.5
2019-01-24,5,968.8270284981145,0.0,31.18156561529662,0.06,437.0,398.5
2019-01-24,6,1203.825667742312,0.0,29.686223239091355,0.077,439.0,437.0
2019-01-24,7,1506.4966369892306,0.0,26.25428991665305,0.09608,417.0,439.0
2019-01-24,8,1585.5060067649003,11.851851851851851,22.332080405294985,0.095,409.5,417.0
2019-01-24,9,1641.2814431787258,51.85185185185185,21.32701421800948,0.09688,408.5,409.5
2019-01-24,10,1631.3440379456476,94.81481481481481,19.954240889034157,0.0928,410.5,408.5
2019-01-24,11,1659.3717196065472,133.92592592592592,20.34646184016996,0.088,414.5,410.5
2019-01-24,12,1660.3164729209598,174.07407407407408,22.209511358065043,0.0829,413.5,414.5
2019-01-24,13,1615.108277283154,193.33333333333331,20.199378983494036,0.08042,418.0,413.5
2019-01-24,14,1592.08428910229,144.88888888888889,20.321948030723973,0.08095000000000001,421.5,418.0
2019-01-24,15,1644.9204929823882,55.7037037037037,19.831671841804216,0.08195000000000001,404.5,421.5
2019-01-24,16,1720.1508495004084,3.259259259259259,19.782644222912243,0.09559999999999999,393.0,404.5
2019-01-24,17,1730.578126822441,0.0,22.03791469194313,0.1087,390.5,393.0
2019-01-24,18,1715.7420006998175,0.0,25.714986108841316,0.09134,394.0,390.5
2019-01-24,19,1687.6093464484275,0.0,33.829057035463315,0.07995999999999999,402.0,394.0
2019-01-24,20,1601.041950157459,0.0,40.276188919758134,0.06661,386.0,402.0
2019-01-24,21,1419.684304653785,0.0,45.93887890178134,0.06275,358.0,386.0
2019-01-24,22,1241.8957272267799,0.0,59.61758457264259,0.056,315.0,358.0
2019-01-24,23,1209.1092881303216,0.0,78.29710737048538,0.06003,266.0,315.0
2019-01-25,0,1166.2804712102952,0.0,94.62330446151333,0.05458,256.5,266.0
2019-01-25,1,1124.8162979666422,0.0,123.13286484719725,0.05182,241.0,256.5
2019-01-25,2,1032.370436608219,0.0,140.19447622160484,0.04949,241.0,241.0
2019-01-25,3,953.7109754675168,0.0,159.1436509233535,0.04915,243.0,241.0
2019-01-25,4,902.7642782162436,0.0,170.83673802908973,0.04994,248.5,243.0
2019-01-25,5,942.4439174215622,0.0,176.81810753391076,0.05442,271.0,248.5
2019-01-25,6,1167.9250417946425,0.0,169.58653374734433,0.0595,288.0,271.0
2019-01-25,7,1378.2901131371254,0.0,152.89262951462658,0.065,305.5,288.0
2019-01-25,8,1429.7966642043468,6.814814814814815,200.05719888870732,0.07798000000000001,302.5,305.5
2019-01-25,9,1466.0471987869835,49.77777777777777,210.69619218826605,0.07221999999999999,290.0,302.5
2019-01-25,10,1464.9274911550874,176.59259259259258,215.40284360189574,0.0658,273.5,290.0
2019-01-25,11,1455.4099762839703,260.0,219.17797025657788,0.060579999999999995,262.5,273.5
2019-01-25,12,1438.1944714435676,275.55555555555554,224.2033011930054,0.05895,245.5,262.5
2019-01-25,13,1432.8408693285644,232.59259259259258,227.8803726099036,0.05832,237.0,245.5
2019-01-25,14,1407.01761206796,146.37037037037035,223.8110802418696,0.05571,241.5,237.0
2019-01-25,15,1387.597682827262,62.22222222222222,223.73753881353164,0.05529,248.0,241.5
2019-01-25,16,1504.88705726838,6.222222222222221,235.79833306095767,0.06309000000000001,251.0,248.0
2019-01-25,17,1644.1506939854594,0.0,229.20411831998695,0.06412999999999999,256.0,251.0
2019-01-25,18,1618.3974184518488,0.0,228.8364111782971,0.062049999999999994,234.5,256.0
2019-01-25,19,1572.6993507250886,0.0,232.46445497630333,0.062090000000000006,208.0,234.5
2019-01-25,20,1488.7912600598734,0.0,232.88118973688512,0.0585,181.5,208.0
2019-01-25,21,1323.4944209012092,0.0,223.93364928909952,0.056049999999999996,168.0,181.5
2019-01-25,22,1177.8624470277207,0.0,218.24644549763033,0.05236,150.5,168.0
2019-01-25,23,1122.2269740678823,0.0,241.4365092335349,0.056,120.0,150.5
2019-01-26,0,1094.024338089499,0.0,238.15165876777252,0.059,122.0,120.0
2019-01-26,1,1062.0426888534662,0.0,241.55907828076485,0.05211,116.0,122.0
2019-01-26,2,986.6023871544653,0.0,234.64618401699624,0.046990000000000004,119.5,116.0
2019-01-26,3,940.764355973718,0.0,235.67576401372773,0.044950000000000004,114.5,119.5
2019-01-26,4,903.3941137591852,0.0,238.07811733943456,0.04394,119.5,114.5
2019-01-26,5,922.3591617744256,0.0,228.51773165549926,0.04395,128.5,119.5
2019-01-26,6,1051.7203841219239,0.0,222.1686550089884,0.04746,143.5,128.5
2019-01-26,7,1093.0445939115898,0.0,228.19905213270144,0.046549999999999994,166.0,143.5
2019-01-26,8,1238.9564946930525,16.59259259259259,227.80683118156563,0.05197,183.0,166.0
2019-01-26,9,733.5484623459431,80.88888888888889,239.03415590782808,0.05894,176.0,183.0
2019-01-26,10,1444.0029547840288,146.37037037037035,246.55989540774638,0.05801,166.5,176.0
2019-01-26,11,1454.1503051980874,181.48148148148147,250.04085634907665,0.055729999999999995,166.5,166.5
2019-01-26,12,1452.9256249757009,205.18518518518516,246.0941330282726,0.0536,169.5,166.5
2019-01-26,13,1420.3491310602233,154.07407407407408,154.78019284196765,0.05124,168.5,169.5
2019-01-26,14,1393.7560748026906,92.88888888888889,230.62591926785424,0.04795,181.5,168.5
2019-01-26,15,1389.1022899576224,31.259259259259256,214.71645693740808,0.048,196.5,181.5
2019-01-26,16,1451.770926480308,4.148148148148148,206.62689982023207,0.059,212.0,196.5
2019-01-26,17,1544.7066599276857,0.0,198.39025984638013,0.08031999999999999,213.0,212.0
2019-01-26,18,1529.7305703510751,0.0,199.17470174865176,0.075,205.5,213.0
2019-01-26,19,1478.2240192838537,0.0,199.8365746036934,0.06495000000000001,197.5,205.5
2019-01-26,20,1399.9844485051126,0.0,212.38764504003922,0.05157,177.0,197.5
2019-01-26,21,1305.089226701917,0.0,231.3123059323419,0.0515,154.5,177.0
2019-01-26,22,1181.501496831383,0.0,230.35626736394838,0.04797,139.0,154.5
2019-01-26,23,1091.015123828778,0.0,226.89982023206406,0.055,123.0,139.0
2019-01-27,0,1072.8198748104662,0.0,226.38503023369833,0.051,125.5,123.0
2019-01-27,1,1019.9136892033748,0.0,218.41804216375226,0.04398,121.5,125.5
2019-01-27,2,937.6151782590102,0.0,225.8457264258866,0.03491,126.5,121.5
2019-01-27,3,881.1399245752499,0.0,230.01307403170455,0.029920000000000002,116.0,126.5
2019-01-27,4,828.8635745111,0.0,231.04265402843603,0.01679,111.0,116.0
2019-01-27,5,816.3368453792622,0.0,235.92090210818762,0.0218,117.0,111.0
2019-01-27,6,879.6003265813927,0.0,237.71041019774475,0.03136,120.5,117.0
2019-01-27,7,987.5821313323744,0.0,237.7839516260827,0.02932,118.5,120.5
2019-01-27,8,1118.727887718207,37.77777777777778,244.59879065206735,0.03613,127.5,118.5
2019-01-27,9,1288.99342949341,223.7037037037037,250.45759110965844,0.04843,127.5,127.5
2019-01-27,10,1387.4577193732748,362.96296296296293,262.0526229776107,0.0606,130.0,127.5
2019-01-27,11,1432.2810155126162,413.3333333333333,275.21653865010626,0.05,132.5,130.0
2019-01-27,12,1463.5978383422107,380.0,287.6695538486681,0.0569,137.5,132.5
2019-01-27,13,1467.5867967808406,321.48148148148147,287.2037914691943,0.054,143.5,137.5
2019-01-27,14,1447.9919132226587,233.33333333333331,285.51233861742116,0.045,155.0,143.5
2019-01-27,15,1450.6512188484119,102.96296296296296,286.0761562346789,0.04309,166.0,155.0
2019-01-27,16,1516.6089965397925,10.666666666666666,298.7988233371466,0.05543,190.0,166.0
2019-01-27,17,1605.1008903230825,0.0,288.69913384539956,0.08279,202.0,190.0
2019-01-27,18,1557.9332063294585,0.0,266.0238601078608,0.08008,206.0,202.0
2019-01-27,19,1492.535282454026,0.0,242.76025494361824,0.069,206.0,206.0
2019-01-27,20,1413.3509583608725,0.0,236.28860924987742,0.058,200.0,206.0
2019-01-27,21,1310.0579293184558,0.0,229.8659911750286,0.048100000000000004,178.0,200.0
2019-01-27,22,1192.173710197893,0.0,223.71302500408564,0.04793,153.5,178.0
2019-01-27,23,1050.0758135375763,0.0,187.80029416571335,0.04543,150.5,153.5
2019-01-28,0,1040.488316939466,0.0,125.65778722013401,0.047990000000000005,149.5,150.5
2019-01-28,1,1047.1365810038492,0.0,174.26867135152804,0.04847,151.0,149.5
2019-01-28,2,1013.4403794564753,0.0,123.62314103611702,0.047,155.0,151.0
2019-01-28,3,987.0922592434199,0.0,95.06455303154111,0.046520000000000006,162.0,155.0
2019-01-28,4,984.2929901636795,0.0,159.43781663670535,0.046590000000000006,170.5,162.0
2019-01-28,5,1075.269235255239,0.0,148.55368524268673,0.05223,199.5,170.5
2019-01-28,6,1333.0819174993198,0.0,136.32129432913877,0.0576,242.0,199.5
2019-01-28,7,1539.3180669491855,0.2962962962962963,131.12436672658933,0.0576,273.0,242.0
2019-01-28,8,1632.6037090315308,82.37037037037037,129.9477038731819,0.05751,288.0,273.0
2019-01-28,9,1697.056879592551,345.18518518518516,135.78199052132703,0.06066,282.0,288.0
2019-01-28,10,1654.0880992185375,564.4444444444445,127.716947213597,0.06365,275.0,282.0
2019-01-28,11,1651.2888301387973,687.4074074074074,123.2554338944272,0.056600000000000004,270.0,275.0
2019-01-28,12,1632.0438552155827,683.7037037037037,116.44059486844256,0.06,274.0,270.0
2019-01-28,13,1617.2777108199527,610.3703703703703,109.55221441411996,0.05767,286.5,274.0
2019-01-28,14,1587.1855682127446,477.77777777777777,105.53194966497794,0.0611,307.0,286.5
2019-01-28,15,1588.7251662066017,248.88888888888889,114.7491420166694,0.0502,333.0,307.0
2019-01-28,16,1631.8339100346022,29.925925925925924,122.83869913384541,0.07408,330.5,333.0
2019-01-28,17,1713.7825123439993,0.0,111.63588821702893,0.092,327.5,330.5
2019-01-28,18,1711.962987442168,0.0,114.3324072560876,0.086,332.0,327.5
2019-01-28,19,1655.9426149838655,0.0,119.57836247752901,0.07679000000000001,330.5,332.0
2019-01-28,20,1595.2684576804947,0.0,117.81336819741789,0.0636,318.5,330.5
2019-01-28,21,1448.7617122195873,0.0,106.73312632783134,0.05689,280.0,318.5
2019-01-28,22,1283.044982698962,0.0,101.63425396306586,0.05054,259.5,280.0
2019-01-28,23,1133.214105205863,0.0,101.87939205752575,0.04882,261.0,259.5
2019-01-29,0,1102.0022549667588,0.0,86.50923353489132,0.049409999999999996,254.0,261.0
2019-01-29,1,1097.9433148011353,0.0,104.64945252492238,0.0484,252.0,254.0
2019-01-29,2,1056.3391781034952,0.0,105.16424252328812,0.047439999999999996,260.0,252.0
2019-01-29,3,1026.1070720423002,0.0,101.34008824971401,0.0474,266.0,260.0
2019-01-29,4,1016.7295206251702,0.0,95.79996731492074,0.0474,270.5,266.0
2019-01-29,5,1091.5049959177327,0.0,91.87775780356267,0.05051,283.5,270.5
2019-01-29,6,1287.453831499553,0.0,91.6326197091028,0.05825,322.0,283.5
2019-01-29,7,1544.3917421562148,0.0,91.55907828076484,0.06523999999999999,352.0,322.0
2019-01-29,8,1639.3219548229074,23.703703703703702,86.06798496486354,0.06488,353.5,352.0
2019-01-29,9,1667.10470043933,88.29629629629629,88.96061447949012,0.06715,343.0,353.5
2019-01-29,10,1654.5779713074921,172.59259259259258,91.06880209184507,0.066,340.5,343.0
2019-01-29,11,1708.6738462734731,211.85185185185185,99.82023206406276,0.06376,340.5,340.5
2019-01-29,12,1728.2687298316553,175.55555555555554,95.08906684098709,0.062,341.5,340.5
2019-01-29,13,1712.7327864390966,141.62962962962962,95.21163588821703,0.0595,347.5,341.5
2019-01-29,14,1688.0292368103885,82.81481481481481,114.03824154273575,0.059,348.5,347.5
2019-01-29,15,1688.5890906263367,36.2962962962963,116.41608105899657,0.06197,342.0,348.5
2019-01-29,16,1751.3277088760158,3.5555555555555554,121.34335675764014,0.071,349.0,342.0
2019-01-29,17,1744.6794448116327,0.0,125.21653865010623,0.07628,346.5,349.0
2019-01-29,18,1736.8065005248632,0.0,122.71613008661546,0.07135999999999999,338.5,346.5
2019-01-29,19,1747.6186773453599,0.0,117.15149534237621,0.06799,335.5,338.5
2019-01-29,20,1669.9739512460637,0.0,111.53783297924498,0.0613,309.5,335.5
2019-01-29,21,1533.439601881731,0.0,101.11946396470012,0.054,283.0,309.5
2019-01-29,22,1357.7154854010344,0.0,84.57264258865828,0.05071,266.5,283.0
2019-01-29,23,1207.184790638,0.0,80.16015688838046,0.047310000000000005,262.0,266.5
2019-01-30,0,1152.948952218032,0.0,74.64454976303318,0.048600000000000004,281.0,262.0
2019-01-30,1,1126.7757863224604,0.0,86.48471972544533,0.04796,281.5,281.0
2019-01-30,2,1101.3374285603204,0.0,96.75600588331427,0.047200000000000006,276.0,281.5
2019-01-30,3,1074.2195093503365,0.0,91.46102304298088,0.047,273.0,276.0
2019-01-30,4,1065.5767660666384,0.0,80.42980879228632,0.047,283.0,273.0
2019-01-30,5,1138.6026981843631,0.0,73.51691452851773,0.04757,307.0,283.0
2019-01-30,6,1349.8775319777615,0.0,73.34531786239582,0.05784,350.0,307.0
2019-01-30,7,1566.7509039306406,0.0,66.84915835920903,0.06067,382.0,350.0
2019-01-30,8,1659.1967652890635,50.666666666666664,62.14250694557934,0.06495000000000001,388.5,382.0
2019-01-30,9,1673.0181563702813,181.33333333333331,54.83739173067495,0.07492,382.5,388.5
2019-01-30,10,1689.113953578788,451.1111111111111,51.47899983657461,0.0702,371.5,382.5
2019-01-30,11,1666.5448466233818,634.074074074074,52.99885602222586,0.0711,356.0,371.5
2019-01-30,12,1652.2335834532096,663.7037037037037,51.84670697826442,0.072,345.5,356.0
2019-01-30,13,1645.2004198903621,584.4444444444445,48.169635561366235,0.06686,347.0,345.5
2019-01-30,14,1617.3127016834494,440.7407407407407,46.67429318516098,0.07062,363.5,347.0
2019-01-30,15,1650.624003732359,232.59259259259258,46.576237947377024,0.07,389.0,363.5
2019-01-30,16,1674.9426538626026,36.2962962962963,44.63964700114398,0.089,400.0,389.0
2019-01-30,17,1718.1913611445902,0.0,40.10459225363622,0.12,398.0,400.0
2019-01-30,18,1731.6628435908403,0.0,36.52557607452198,0.12,397.5,398.0
2019-01-30,19,1703.9500797014114,0.14814814814814814,30.151985618565124,0.1,400.5,397.5
2019-01-30,20,1642.4361416741185,0.0,36.52557607452198,0.0761,393.5,400.5
2019-01-30,21,1521.787644337312,0.0,34.51544369995097,0.059,362.0,393.5
2019-01-30,22,1356.8757046771123,0.0,34.34384703382906,0.05213,323.5,362.0
2019-01-30,23,1229.9988336378835,0.0,30.642261807484886,0.0522,310.0,323.5
2019-01-31,0,1207.5346992729676,0.0,27.749632292858312,0.05249,317.5,310.0
2019-01-31,1,1164.460946308464,0.0,26.81810753391077,0.05346,327.0,317.5
2019-01-31,2,1138.462734730376,0.0,26.646510867788855,0.0511,327.5,327.0
2019-01-31,3,1124.9212705571324,0.0,28.730184670697827,0.04999,331.0,327.5
2019-01-31,4,1115.298783095525,0.0,31.524758947540448,0.04854,340.5,331.0
2019-01-31,5,1142.3817114420124,0.0,36.91779702565779,0.056,361.0,340.5
2019-01-31,6,1360.724699661755,0.0,40.913547965353814,0.06402,379.5,361.0
2019-01-31,7,1634.6331791143425,0.2962962962962963,44.3945089066841,0.07029,370.5,379.5
2019-01-31,8,1739.3258426966293,67.11111111111111,46.74783461349894,0.07137,360.5,370.5
2019-01-31,9,1800.0000000000002,234.8148148148148,46.52721032848505,0.0701,351.0,360.5
2019-01-31,10,1764.1343649158277,341.48148148148147,51.06226507599281,0.06437999999999999,345.0,351.0
2019-01-31,11,1743.4547645892462,386.66666666666663,61.75028599444354,0.06008,340.5,345.0
2019-01-31,12,1741.6352396874152,341.48148148148147,71.23713025004086,0.05955,338.5,340.5
2019-01-31,13,1721.1305936783174,260.7407407407407,79.8659911750286,0.05925,342.0,338.5
2019-01-31,14,1708.3939193654992,169.48148148148147,63.123059323418865,0.05907,343.5,342.0
2019-01-31,15,1743.5247463162398,68.44444444444444,109.13547965353817,0.05835,339.5,343.5
2019-01-31,16,1756.4713658100386,5.185185185185185,118.94100343193332,0.05996,329.5,339.5
2019-01-31,17,1765.8839080906653,0.0,126.17257721849975,0.06272,321.5,329.5
2019-01-31,18,1757.4861008514445,0.0,133.45317862395817,0.05881,312.0,321.5
2019-01-31,19,1774.1067610124026,0.0,138.99329955875143,0.064,300.0,312.0
2019-01-31,20,1696.4620349131062,0.0,140.7092662199706,0.056,278.5,300.0
2019-01-31,21,1553.5593483923644,0.0,141.61627716947214,0.055,253.0,278.5
2019-01-31,22,1374.651063333463,0.0,132.27651577055076,0.047299999999999995,233.0,253.0
2019-01-31,23,1259.9510127911046,0.0,100.70272920411833,0.046009999999999995,224.0,233.0
